Highest,Lowest,rain,Class,Suggestion
,,,1,熱くて湿気もありそう。さらっとしたリネンがおすすめ
,,,2,かなり熱い日になりそう。日傘なども持ち歩いて
,,,3,熱いのに、朝晩は涼しそう。ストールなどを持ち歩いて
,,,4,寒暖差もあるのに、雨がちで、防水機能のあるアウターが必須
,,,5,傘をさしておしゃれに出かけよう
,,,6,日中は熱くなるけど、オフィスの防寒対策注意
,,,7,雨が強いので、レインブーツとお気に入りの傘で出かけよう
,,,8,少し雨がちなので、折り畳み傘を忘れないで
,,,9,雨が降ってもサラッとする上着を持って出かけよう
,,,10,天気は良さそうなので、お気に入りの服で出かけよう
,,,11,一日中雨なので、自宅でリラックスできるスタイルで過ごそう
,,,12,一日中、さっぱりと過ごせそう。外出するならワンピースはいかが
,,,13,雨が続くので、ダークトーンで大人っぽく
,,,14,急な雨で寒くなりそう。上着を忘れずに
,,,15,急な雨で寒くなりそう。上着を忘れずに
,,,16,一日中快適に過ごせそう
,,,17,雨の日もレインシューズでおしゃれに出かけよう
,,,18,少し雨がちなので、折り畳み傘を忘れないで
,,,19,少し雨がちなので、折り畳み傘を忘れないで
,,,20,涼しくなってきているので、おしゃれなスカーフを持っていくのはいかが
,,,21,雨の日もレインシューズでおしゃれに出かけよう
,,,22,少し雨がちなので、折り畳み傘を忘れないで
,,,23,少し雨がちなので、折り畳み傘を忘れないで
,,,24,寒暖差に気をつけて、アウターやストールを！
,,,24,寒暖差に気をつけて、アウターやストールを！
,,,26,寒暖差に気をつけて、アウターやストールを！
,,,27,寒くて雪が降るかも。雪の日はムートンブーツで足元からあったかく。
,,,28,こんな寒い日はハイネックセーターで温かく過ごそう
